{
  "Name": null,
  "Circuit String": "L0-R0-p(R1,CPE1)-p(R2-Wo1,CPE2)",
  "Initial Guess": [0, 0.05, 0.003, 7, 1, 0.01, 0.05, 100, 0.4, 1],
  "Constants": {},
  "Fit": true,
  "Parameters": [
    7.828958476019172e-7, 0.05468065773248223, 0.02614248036826889,
    7.511543854620545, 0.9615310526107782, 0.014933437385867122,
    0.04356214502131013, 47.13933903691903, 0.6442940510656203,
    0.6899210736317805
  ],
  "Confidence": [
    2.2602731631336684e-9, 6.141350281077926e-5, 0.00033447207609049945,
    0.03552557056172627, 0.005036545972872003, 0.0001393811536182584,
    0.0017586384675468954, 8.150202466225495e-7, 0.02456773028540396,
    0.006372687356794638
  ]
}
